<?xml version="1.0" encoding="UTF-8"?>
<project-private xmlns="http://www.netbeans.org/ns/project-private/1">
    <editor-bookmarks xmlns="http://www.netbeans.org/ns/editor-bookmarks/2" lastBookmarkId="0"/>
    <open-files xmlns="http://www.netbeans.org/ns/projectui-open-files/2">
        <group>
            <file>file:/C:/Users/heyne/OneDrive/Documentos/NetBeansProjects/Quickvey-19/src/modelo/ConexionQV19.java</file>
            <file>file:/C:/Users/heyne/OneDrive/Documentos/NetBeansProjects/Quickvey-19/src/vista/inicioSesion.java</file>
            <file>file:/C:/Users/heyne/OneDrive/Documentos/NetBeansProjects/Quickvey-19/src/modelo/usuarios.java</file>
            <file>file:/C:/Users/heyne/OneDrive/Documentos/NetBeansProjects/Quickvey-19/src/vista/Inicio.java</file>
            <file>file:/C:/Users/heyne/OneDrive/Documentos/NetBeansProjects/Quickvey-19/src/modelo/sqlUsuarios.java</file>
            <file>file:/C:/Users/heyne/OneDrive/Documentos/NetBeansProjects/Quickvey-19/src/vista/nuevoUsuario.java</file>
            <file>file:/C:/Users/heyne/OneDrive/Documentos/NetBeansProjects/Quickvey-19/src/modelo/hash.java</file>
        </group>
    </open-files>
</project-private>
